A. Strahan ; Strand ; T. Cadell,A. Strahan ; T. Cadell,
A. Strahan ; Strand ; T. Cadell,A. Strahan ; T. Cadell,
A. Strahan ; Strand ; T. Cadell,A. Strahan ; T. Cadell,
A. Strahan ; Strand ; T. Cadell,A. Strahan ; T. Cadell,
A. Strahan ; Strand ; T. Cadell,A. Strahan ; T. Cadell,
A. Strahan ; Strand ; T. Cadell,A. Strahan ; T. Cadell,
A. Strahan ; Strand ; T. Cadell,A. Strahan ; T. Cadell,
A. Strahan ; Strand ; T. Cadell,A. Strahan ; T. Cadell,
A. Strahan ; Strand ; T. Cadell,A. Strahan ; T. Cadell,
A. Strahan ; Strand ; T. Cadell,A. Strahan ; T. Cadell,
A. Strahan ; Strand ; T. Cadell,A. Strahan ; T. Cadell,
A. Strahan ; Strand ; T. Cadell,A. Strahan ; T. Cadell,
A. Strahan ; Strand ; T. Cadell,A. Strahan ; T. Cadell,
A. Strahan ; Strand ; T. Cadell,A. Strahan ; T. Cadell,
A. Strahan ; Strand ; T. Cadell,A. Strahan ; T. Cadell,
A. Strahan ; Strand ; T. Cadell,A. Strahan ; T. Cadell,
A. Strahan ; Strand ; T. Cadell,A. Strahan ; T. Cadell,
A. Strahan ; Strand ; T. Cadell,A. Strahan ; T. Cadell,
A. Strahan ; Strand ; T. Cadell,A. Strahan ; T. Cadell,
A. Strahan ; Strand ; T. Cadell,A. Strahan ; T. Cadell,
A. Strahan ; T. Cadell,A. Strahan ; T. Cadell,
A. Strahan ; T. Cadell,A. Strahan ; T. Cadell,
A. Strahan ; T. Cadell,A. Strahan ; T. Cadell,
A. Strahan ; T. Cadell,A. Strahan ; T. Cadell,
A. Strahan ; T. Cadell,A. Strahan ; T. Cadell,
A. Strahan ; T. Cadell,A. Strahan ; T. Cadell,
A. Strahan ; T. Cadell,A. Strahan ; T. Cadell,
A. Strahan ; T. Cadell,A. Strahan ; T. Cadell,
A. Strahan ; T. Cadell ; strand,A. Strahan ; T. Cadell,
A. Strahan ; T. Cadell in the Strand,A. Strahan ; T. Cadell,
A. Strahan ; T. Cadell in the Strand,A. Strahan ; T. Cadell,
A. Strahan ; T. Cadell in the Strand,A. Strahan ; T. Cadell,
A. Strahan ; T. Cadell in the Strand,A. Strahan ; T. Cadell,
A. Strahan ; T. Cadell in the Strand,A. Strahan ; T. Cadell,
A. Strahan ; T. Cadell in the Strand,A. Strahan ; T. Cadell,
A. Strahan ; Mr. Cadell ; Strand ; T. Cadell ; sold by T. Cadell jun & W. Davies,A. Strahan ; T. Cadell ; T. Cadell ; T. Cadell Jr. ; W. Davies,
A. Strahan ; Mr. Cadell ; Strand ; T. Cadell jun & W. Davies,A. Strahan ; T. Cadell ; T. Cadell Jr. ; W. Davies,
A. Strahan ; Mr. Cadell ; Strand ; T. Cadell Jun & W. Davies,A. Strahan ; T. Cadell ; T. Cadell Jr. ; W. Davies,
A. Strahan ; Mr. Cadell ; Strand ; T. Cadell jun & W. Davies,A. Strahan ; T. Cadell ; T. Cadell Jr. ; W. Davies,
A. Strahan ; Mr. Cadell ; Strand ; T. Cadell jun & W. Davies,A. Strahan ; T. Cadell ; T. Cadell Jr. ; W. Davies,
A. Strahan ; Mr. Cadell ; Strand ; T. Cadell jun & W. Davies,A. Strahan ; T. Cadell ; T. Cadell Jr. ; W. Davies,
A. Strahan ; Mr. Cadell ; T. Cadell Jun & W. Davies,A. Strahan ; T. Cadell ; T. Cadell Jr. ; W. Davies,
A. Strahan ; Mr. Cadell ; T. Cadell Jun & W. Davies,A. Strahan ; T. Cadell ; T. Cadell Jr. ; W. Davies,
A. Strahan ; Mr. Cadell ; T. Cadell jun & W. Davies,A. Strahan ; T. Cadell ; T. Cadell Jr. ; W. Davies,
A. Strahan ; Mr. Cadell ; T. Cadell junr & W. Davies,A. Strahan ; T. Cadell ; T. Cadell Jr. ; W. Davies,
A. Strahan ; Strand ; T. Cadell ; W. Creech, Edinburgh,A. Strahan ; T. Cadell ; W. Creech,
A. Strahan ; Strand ; T. Cadell ; W. Creech, Edinburgh,A. Strahan ; T. Cadell ; W. Creech,
A. Strahan ; T. Cadell ; W. Creech,A. Strahan ; T. Cadell ; W. Creech,
A. Strahan ; T. Cadell ; W. Creech in Edinburgh,A. Strahan ; T. Cadell ; W. Creech,
A. Strahan ; T. Cadell ; W. Creech in Edinburgh,A. Strahan ; T. Cadell ; W. Creech,
A. Strahan ; T. Cadell ; W. Creech, Edinburgh,A. Strahan ; T. Cadell ; W. Creech,
A. Strahan ; T. Cadell ; W. Creech, Edinburgh,A. Strahan ; T. Cadell ; W. Creech,
A. Strahan ; T. Cadell ; W. Creech, Edinburgh,A. Strahan ; T. Cadell ; W. Creech,
A. Strahan ; T. Cadell ; W. Creech, Edinburgh,A. Strahan ; T. Cadell ; W. Creech,
A. Strahan ; T. Cadell ; W. Creech, Edinburgh,A. Strahan ; T. Cadell ; W. Creech,
A. Strahan ; T. Cadell ; W. Creech, Edinburgh,A. Strahan ; T. Cadell ; W. Creech,
A. Strahan ; T. Cadell ; W. Creech, Edinburgh,A. Strahan ; T. Cadell ; W. Creech,
A. Strahan ; T. Cadell ; W. Creech, Edinburgh,A. Strahan ; T. Cadell ; W. Creech,
A. Strahan ; T. Cadell ; W. Creech, Edinburgh,A. Strahan ; T. Cadell ; W. Creech,
A. Strahan ; T. Cadell ; W. Creech, Edinburgh,A. Strahan ; T. Cadell ; W. Creech,
A. Strahan ; T. Cadell ; W. Creech, Edinburgh,A. Strahan ; T. Cadell ; W. Creech,
A. Strahan ; T. Cadell ; W. Creech, Edinburgh,A. Strahan ; T. Cadell ; W. Creech,
A. Strahan ; T. Cadell ; W. Creech, Edinburgh,A. Strahan ; T. Cadell ; W. Creech,
A. Strahan ; T. Cadell In The Strand ; W. Creech,A. Strahan ; T. Cadell In The ; W. Creech,
A. Strahan ; T. Cadell in the Strand ; W. Creech,A. Strahan ; T. Cadell ; W. Creech,
A. Strahan ; T. Cadell in the Strand ; W. Creech,A. Strahan ; T. Cadell ; W. Creech,
A. Strahan ; T. Cadell in the Strand ; W. Creech, Edinburgh,A. Strahan ; T. Cadell ; W. Creech,
A. Strahan ; T. Cadell in the Strand ; W. Creech, Edinburgh,A. Strahan ; T. Cadell ; W. Creech,
A. Strahan ; T. Cadell in the Strand ; W. Creech, Edinburgh,A. Strahan ; T. Cadell ; W. Creech,
A. Strahan ; T. Cadell in the Strand ; W. Creech, Edinburgh,A. Strahan ; T. Cadell ; W. Creech,
A. Strahan ; T. Cadell in the Strand ; W. Creech, Edinburgh,A. Strahan ; T. Cadell ; W. Creech,
A. Strahan ; Mr. Cadell ; Strand ; T. Cadell ; W. Creech, Edinburgh ; sold by T. Cadell jun & W. Davies,A. Strahan ; T. Cadell ; T. Cadell ; W. Creech ; T. Cadell Jr. ; W. Davies,
A. Strahan ; Mr. Cadell ; Strand ; T. Cadell ; W. Creech, Edinburgh ; sold by T. Cadell Junr & W. Davies,A. Strahan ; T. Cadell ; T. Cadell ; W. Creech ; T. Cadell Junr ; W. Davies,
A. Strahan ; Mr. Cadell ; Strand ; T. Cadell ; W. Creech, Edinburgh ; sold by T. Cadell Junr & W. Davies,A. Strahan ; T. Cadell ; T. Cadell ; W. Creech ; T. Cadell Junr ; W. Davies,
A. Strahan ; Mr. Cadell ; Strand ; T. Cadell ; W. Creech, Edinburgh ; sold by T. Cadell Junr & W. Davies,A. Strahan ; T. Cadell ; T. Cadell ; W. Creech ; T. Cadell Junr ; W. Davies,
A. Strahan ; Mr. Cadell ; Strand ; T. Cadell ; W. Creech, Edinburgh ; sold by T. Cadell Junr & W. Davies,A. Strahan ; T. Cadell ; T. Cadell ; W. Creech ; T. Cadell Junr ; W. Davies,
A. Strahan ; Mr. Cadell ; Strand ; T. Cadell ; W. Creech, Edinburgh ; sold by T. Cadell, Junr & W. Davies,A. Strahan ; T. Cadell ; T. Cadell ; W. Creech ; T. Cadell, Junr ; W. Davies,
A. Strahan ; Mr. Cadell ; Strand ; T. Cadell ; W. Creech, Edinburgh & sold by T. Cadell Junr & W. Davies,A. Strahan ; T. Cadell ; T. Cadell ; W. Creech, ; T. Cadell Junr ; W. Davies,
A. Strahan ; Mr. Cadell ; Strand. MDCCXCV ; T. Cadell ; W. Creech at Edinburgh ; drawback ; sold by T. Cadell jun & W. Davies,A. Strahan ; T. Cadell ; Strand. MDCCXCV ; T. Cadell ; W. Creech at ; drawback ; T. Cadell Jr. ; W. Davies,
A. Strahan ; Mr. Cadell ; T. Cadell ; W. Creech, Edinburgh ; sold by T. Cadell jun & W. Davies,A. Strahan ; T. Cadell ; T. Cadell ; W. Creech ; T. Cadell Jr. ; W. Davies,
A. Strahan ; Mr. Cadell ; T. Cadell ; W. Creech, Edinburgh ; sold by T. Cadell junr & W. Davies,A. Strahan ; T. Cadell ; T. Cadell ; W. Creech ; T. Cadell Jr. ; W. Davies,
A. Strahan ; T. Cadell ; W. Creech, Edinburgh ; sold by T. Cadell Jun & W. Davies,A. Strahan ; T. Cadell ; W. Creech ; T. Cadell Jr. ; W. Davies,
A. Strahan ; T. Cadell ; W. Creech, Edinburgh ; sold by T. Cadell Jun & W. Davies,A. Strahan ; T. Cadell ; W. Creech ; T. Cadell Jr. ; W. Davies,
A. Strahan ; T. Cadell ; W. Creech, Edinburgh ; sold by T. Cadell Jun & W. Davies,A. Strahan ; T. Cadell ; W. Creech ; T. Cadell Jr. ; W. Davies,
A. Strahan ; T. Cadell ; W. Creech, Edinburgh ; sold by T. Cadell jun & W. Davies,A. Strahan ; T. Cadell ; W. Creech ; T. Cadell Jr. ; W. Davies,
A. Strahan ; Strand ; Street, Gough Square ; T. Cadell Jun & W. Davies,A. Strahan ; Street, Gough Square ; T. Cadell Jr. ; W. Davies,
A. Strahan ; Strand ; T. Cadell Jun & W. Davies,A. Strahan ; T. Cadell Jr. ; W. Davies,
A. Strahan ; Strand ; T. Cadell Jun & W. Davies,A. Strahan ; T. Cadell Jr. ; W. Davies,
A. Strahan ; Strand ; T. Cadell, Jun & W. Davies,A. Strahan ; T. Cadell, Jr. ; W. Davies,
A. Strahan ; Strand ; T. Cadell, Jun & W. Davies,A. Strahan ; T. Cadell, Jr. ; W. Davies,
A. Strahan ; Street ; T. Cadell jun & W. Davies in the Strand,A. Strahan ; Street ; T. Cadell Jr. ; W. Davies,
A. Strahan ; Street ; T. Cadell jun & W. Davies in the Strand,A. Strahan ; Street ; T. Cadell Jr. ; W. Davies,
A. Strahan ; Street ; T. Cadell jun & W. Davies in the Strand,A. Strahan ; Street ; T. Cadell Jr. ; W. Davies,
A. Strahan ; Street ; T. Cadell Jun & W. Davies, Strand,A. Strahan ; Street ; T. Cadell Jr. ; W. Davies,,
A. Strahan ; Street ; T. Cadell jun & W. Davies, Strand,A. Strahan ; Street ; T. Cadell Jr. ; W. Davies,,
A. Strahan ; T. Cadell Jun & W. Davies,A. Strahan ; T. Cadell Jr. ; W. Davies,
A. Strahan ; T. Cadell Jun & W. Davies,A. Strahan ; T. Cadell Jr. ; W. Davies,
A. Strahan ; T. Cadell jun & W. Davies,A. Strahan ; T. Cadell Jr. ; W. Davies,
A. Strahan ; T. Cadell jun & W. Davies,A. Strahan ; T. Cadell Jr. ; W. Davies,
A. Strahan ; T. Cadell jun & W. Davies in the Strand,A. Strahan ; T. Cadell Jr. ; W. Davies,
